{"Old Accuracy": 45.0, "_timestamp": 1723917505.6863737, "_runtime": 56.41823363304138, "_step": 0}