{"Old Accuracy": 48.0, "_timestamp": 1723917369.4265692, "_runtime": 48.72411012649536, "_step": 0}