{"Old Accuracy": 36.0, "_timestamp": 1723916134.3510814, "_runtime": 209.10119533538818, "_step": 0}